               epoch,      train/box_loss,      train/obj_loss,      train/cls_loss,   metrics/precision,      metrics/recall,     metrics/mAP_0.5,metrics/mAP_0.5:0.95,        val/box_loss,        val/obj_loss,        val/cls_loss,               x/lr0,               x/lr1,               x/lr2
                   0,            0.029482,            0.006712,            0.035868,             0.92206,               0.831,             0.92357,             0.76002,            0.017035,           0.0022387,            0.018956,            0.070017,           0.0033314,           0.0033314
                   1,            0.018712,           0.0037008,            0.010929,             0.93445,             0.85424,             0.93241,             0.83757,            0.014683,           0.0038444,           0.0093103,            0.039578,           0.0062249,           0.0062249
                   2,            0.014751,           0.0028631,           0.0075577,             0.93195,              0.8696,             0.94929,             0.87169,            0.013848,           0.0040074,           0.0081939,           0.0086977,           0.0086783,           0.0086783
